Food Name,Category,Storage Method,Temperature,Humidity,Packaging,Freshness Score,Shelf Life Days
Milkshake,Beverage,Room Temperature,20.2,55.6,Open,7,12.0
Cream,Dairy,Refrigerator,3.8,70.4,Sealed,8,49.0
Croissant,Bakery,Room Temperature,25.4,52.2,Open,9,4.0
Strawberry,Fruit,Freezer,-15.4,45.7,Vacuum Packed,7,356.0
Bread,Bakery,Freezer,-11.4,43.6,Open,7,67.0
Grapes,Fruit,Refrigerator,3.7,78.8,Vacuum Packed,8,80.0
Iced Tea,Beverage,Refrigerator,2.6,73.6,Sealed,6,55.0
Rice Pilaf,Cooked Food,Refrigerator,4.8,87.9,Sealed,8,24.0
Minced Meat,Meat,Refrigerator,2.3,77.8,Sealed,5,9.0
Cake,Bakery,Room Temperature,19.7,56.0,Open,9,5.0
Fruit Juice,Beverage,Room Temperature,20.4,40.1,Vacuum Packed,3,16.0
Carrot,Vegetable,Room Temperature,29.1,53.0,Vacuum Packed,9,17.0
Croissant,Bakery,Room Temperature,18.8,46.2,Open,3,1.0
Milk,Dairy,Refrigerator,4.9,87.0,Open,10,44.0
Iced Tea,Beverage,Room Temperature,26.5,42.2,Open,3,4.0
Bagel,Bakery,Refrigerator,1.6,82.1,Vacuum Packed,4,17.0
Chicken Curry,Cooked Food,Refrigerator,4.5,82.5,Sealed,9,32.0
Cake,Bakery,Refrigerator,4.5,76.5,Vacuum Packed,9,36.0
Fruit Juice,Beverage,Room Temperature,20.7,48.5,Open,9,16.0
Milk,Dairy,Refrigerator,3.8,75.4,Vacuum Packed,6,59.0
Lettuce,Vegetable,Room Temperature,18.8,45.1,Sealed,7,8.0
Spinach,Vegetable,Freezer,-13.9,40.1,Sealed,7,209.0
Pasta,Cooked Food,Refrigerator,3.7,80.6,Sealed,6,23.0
Yogurt,Dairy,Refrigerator,4.2,79.4,Sealed,6,33.0
Pork Chops,Meat,Freezer,-12.0,33.0,Vacuum Packed,6,129.0
Muffin,Bakery,Freezer,-12.9,46.2,Vacuum Packed,4,125.0
Spinach,Vegetable,Freezer,-10.6,32.8,Open,9,183.0
Orange,Fruit,Freezer,-13.4,46.3,Open,4,82.0
Bread,Bakery,Refrigerator,5.0,89.3,Open,5,8.0
Carrot,Vegetable,Freezer,-12.7,47.9,Sealed,8,244.0
Lettuce,Vegetable,Freezer,-10.6,45.7,Sealed,3,95.0
Potato,Vegetable,Refrigerator,1.6,81.0,Sealed,3,13.0
Pasta,Cooked Food,Refrigerator,1.1,79.9,Vacuum Packed,3,19.0
Muffin,Bakery,Freezer,-13.6,35.0,Sealed,6,128.0
Fish Fillet,Meat,Refrigerator,4.6,78.7,Open,1,1.0
Lentil Soup,Cooked Food,Refrigerator,2.1,70.5,Open,1,3.0
Cake,Bakery,Refrigerator,4.8,88.3,Vacuum Packed,9,40.0
Fish Fillet,Meat,Refrigerator,4.9,71.5,Open,5,6.0
Fruit Juice,Beverage,Freezer,-18.3,41.1,Vacuum Packed,6,637.0
Banana,Fruit,Freezer,-14.8,47.5,Open,8,225.0
Spinach,Vegetable,Freezer,-12.9,41.1,Sealed,7,177.0
Lentil Soup,Cooked Food,Refrigerator,3.0,86.0,Open,8,18.0
Minced Meat,Meat,Freezer,-19.7,41.6,Vacuum Packed,6,109.0
Fish Fillet,Meat,Freezer,-11.4,35.0,Sealed,6,68.0
Iced Tea,Beverage,Room Temperature,24.3,55.4,Open,7,17.0
Milkshake,Beverage,Room Temperature,29.6,54.3,Vacuum Packed,1,4.0
Iced Tea,Beverage,Refrigerator,1.3,70.5,Open,7,49.0
Tomato,Vegetable,Refrigerator,1.6,75.0,Sealed,6,25.0
Potato,Vegetable,Room Temperature,25.7,50.3,Vacuum Packed,5,7.0
Croissant,Bakery,Freezer,-12.4,30.3,Sealed,5,106.0
Fruit Juice,Beverage,Refrigerator,4.4,84.1,Sealed,10,60.0
Potato,Vegetable,Freezer,-19.5,49.0,Sealed,4,107.0
Soda,Beverage,Refrigerator,4.7,80.0,Open,4,25.0
Apple,Fruit,Freezer,-12.0,43.5,Vacuum Packed,1,60.0
Potato,Vegetable,Freezer,-11.8,42.5,Open,1,17.0
Lasagna,Cooked Food,Refrigerator,2.5,70.8,Sealed,3,11.0
Fruit Juice,Beverage,Refrigerator,2.3,86.9,Sealed,2,17.0
Grapes,Fruit,Refrigerator,3.5,87.5,Open,5,14.0
Pasta,Cooked Food,Refrigerator,2.7,81.4,Vacuum Packed,1,5.0
Potato,Vegetable,Room Temperature,26.2,54.8,Vacuum Packed,9,16.0
Beef Steak,Meat,Refrigerator,3.0,77.8,Open,3,3.0
Muffin,Bakery,Refrigerator,3.5,79.0,Vacuum Packed,9,40.0
Muffin,Bakery,Room Temperature,27.0,55.8,Open,7,2.0
Soda,Beverage,Room Temperature,26.8,50.9,Vacuum Packed,2,6.0
Milkshake,Beverage,Room Temperature,27.1,52.4,Open,6,8.0
Apple,Fruit,Refrigerator,4.6,72.9,Open,5,17.0
Pork Chops,Meat,Refrigerator,4.5,87.6,Open,7,7.0
Lentil Soup,Cooked Food,Refrigerator,2.7,88.1,Vacuum Packed,3,17.0
Lasagna,Cooked Food,Refrigerator,3.3,84.8,Open,9,23.0
Bread,Bakery,Freezer,-15.2,31.7,Open,6,80.0
Rice Pilaf,Cooked Food,Refrigerator,4.9,70.9,Open,6,15.0
Tomato,Vegetable,Freezer,-13.7,43.9,Vacuum Packed,1,44.0
Chicken Curry,Cooked Food,Room Temperature,18.5,45.6,Sealed,8,8.0
Cake,Bakery,Refrigerator,2.6,74.6,Open,9,17.0
Muffin,Bakery,Refrigerator,1.1,75.6,Open,4,6.0
Chicken Curry,Cooked Food,Room Temperature,29.4,54.5,Vacuum Packed,9,13.0
Banana,Fruit,Refrigerator,4.5,70.9,Vacuum Packed,8,80.0
Fruit Juice,Beverage,Freezer,-14.1,37.6,Sealed,1,57.0
Pasta,Cooked Food,Refrigerator,2.7,75.5,Vacuum Packed,6,37.0
Chicken Curry,Cooked Food,Refrigerator,4.1,88.9,Sealed,3,12.0
Potato,Vegetable,Refrigerator,1.8,75.0,Open,4,12.0
Strawberry,Fruit,Freezer,-18.9,43.4,Sealed,6,191.0
Pork Chops,Meat,Refrigerator,4.4,81.0,Open,9,10.0
Coconut Water,Beverage,Room Temperature,25.7,56.1,Vacuum Packed,6,26.0
Croissant,Bakery,Refrigerator,3.4,82.7,Vacuum Packed,3,13.0
Beef Steak,Meat,Freezer,-16.0,42.4,Vacuum Packed,1,21.0
Lasagna,Cooked Food,Refrigerator,4.7,79.8,Open,2,4.0
Pork Chops,Meat,Refrigerator,2.4,80.7,Vacuum Packed,7,23.0
Iced Tea,Beverage,Refrigerator,3.8,73.6,Open,3,18.0
Grapes,Fruit,Refrigerator,1.9,86.4,Sealed,10,59.0
Lasagna,Cooked Food,Refrigerator,3.1,77.1,Sealed,2,6.0
Milk,Dairy,Refrigerator,2.9,83.8,Sealed,1,5.0
Strawberry,Fruit,Room Temperature,19.0,51.9,Vacuum Packed,8,29.0
Soda,Beverage,Room Temperature,18.7,43.0,Vacuum Packed,7,33.0
Yogurt,Dairy,Refrigerator,1.4,78.9,Vacuum Packed,3,28.0
Lentil Soup,Cooked Food,Refrigerator,2.3,74.2,Sealed,9,29.0
Potato,Vegetable,Room Temperature,26.1,55.8,Open,2,1.0
Apple,Fruit,Freezer,-16.2,36.7,Sealed,2,65.0
Yogurt,Dairy,Freezer,-13.9,34.7,Sealed,5,200.0
Muffin,Bakery,Refrigerator,2.1,73.5,Vacuum Packed,9,38.0
Iced Tea,Beverage,Freezer,-19.8,43.9,Vacuum Packed,6,623.0
Bread,Bakery,Refrigerator,1.7,83.4,Open,2,3.0
Iced Tea,Beverage,Refrigerator,2.1,85.4,Sealed,10,83.0
Lettuce,Vegetable,Room Temperature,24.4,54.1,Sealed,6,7.0
Chicken Curry,Cooked Food,Room Temperature,21.8,51.9,Sealed,2,2.0
Strawberry,Fruit,Refrigerator,2.3,86.2,Open,5,14.0
Spinach,Vegetable,Room Temperature,25.1,49.4,Vacuum Packed,3,5.0
Minced Meat,Meat,Freezer,-18.8,44.6,Open,2,15.0
Muffin,Bakery,Freezer,-10.7,44.4,Open,8,101.0
Muffin,Bakery,Room Temperature,20.2,44.7,Sealed,10,9.0
Minced Meat,Meat,Refrigerator,3.4,83.7,Vacuum Packed,8,22.0
Beef Steak,Meat,Freezer,-15.0,34.6,Open,7,43.0
Grapes,Fruit,Freezer,-14.6,38.6,Vacuum Packed,7,458.0
Bagel,Bakery,Room Temperature,24.4,57.9,Open,6,4.0
Spinach,Vegetable,Room Temperature,21.0,54.9,Sealed,4,6.0
Cheese,Dairy,Refrigerator,4.3,72.2,Open,8,35.0
Bagel,Bakery,Room Temperature,23.8,48.2,Open,2,1.0
Cake,Bakery,Refrigerator,2.0,76.9,Vacuum Packed,10,44.0
Chicken Breast,Meat,Freezer,-18.5,41.7,Sealed,2,23.0
Muffin,Bakery,Room Temperature,29.1,54.1,Sealed,1,0.0
Croissant,Bakery,Room Temperature,23.1,54.7,Open,6,3.0
Bread,Bakery,Room Temperature,28.4,50.4,Vacuum Packed,5,5.0
Fruit Juice,Beverage,Room Temperature,22.0,56.1,Open,10,18.0
Tomato,Vegetable,Freezer,-10.8,39.3,Vacuum Packed,2,83.0
Milk,Dairy,Refrigerator,1.1,88.3,Sealed,8,44.0
Pasta,Cooked Food,Refrigerator,3.3,82.6,Sealed,5,18.0
Spinach,Vegetable,Room Temperature,19.8,48.3,Vacuum Packed,8,25.0
Chicken Curry,Cooked Food,Refrigerator,4.6,74.1,Open,1,2.0
Lasagna,Cooked Food,Refrigerator,3.3,71.3,Sealed,3,12.0
Bread,Bakery,Refrigerator,3.0,85.3,Open,8,10.0
Chicken Curry,Cooked Food,Refrigerator,2.1,82.9,Open,7,16.0
Carrot,Vegetable,Freezer,-13.3,30.4,Sealed,9,297.0
Coconut Water,Beverage,Freezer,-11.1,41.1,Sealed,3,194.0
Pork Chops,Meat,Freezer,-10.6,32.8,Sealed,7,76.0
Banana,Fruit,Freezer,-12.6,47.0,Open,3,60.0
Apple,Fruit,Freezer,-13.8,36.7,Vacuum Packed,2,141.0
Butter,Dairy,Freezer,-16.5,45.5,Open,2,53.0
Strawberry,Fruit,Room Temperature,28.4,49.7,Sealed,7,9.0
Tomato,Vegetable,Freezer,-14.9,44.8,Sealed,9,253.0
Butter,Dairy,Refrigerator,4.6,83.8,Open,6,24.0
Grapes,Fruit,Refrigerator,3.3,75.5,Open,5,19.0
Coconut Water,Beverage,Refrigerator,1.6,75.3,Vacuum Packed,6,94.0
Cheese,Dairy,Refrigerator,3.7,73.5,Open,1,3.0
Banana,Fruit,Refrigerator,4.0,71.7,Vacuum Packed,10,78.0
Lasagna,Cooked Food,Room Temperature,23.2,58.3,Vacuum Packed,7,14.0
Coconut Water,Beverage,Room Temperature,21.2,50.8,Vacuum Packed,3,15.0
Muffin,Bakery,Room Temperature,24.0,51.9,Sealed,9,7.0
Spinach,Vegetable,Room Temperature,23.9,53.8,Sealed,9,13.0
Iced Tea,Beverage,Freezer,-19.2,30.0,Vacuum Packed,6,494.0
Muffin,Bakery,Freezer,-10.4,45.8,Open,7,93.0
Lettuce,Vegetable,Refrigerator,4.8,85.2,Vacuum Packed,5,40.0
Beef Steak,Meat,Freezer,-13.5,43.9,Open,10,87.0
Soda,Beverage,Freezer,-10.0,41.1,Sealed,10,556.0
Fruit Juice,Beverage,Freezer,-10.8,49.4,Vacuum Packed,2,192.0
Milkshake,Beverage,Freezer,-15.4,40.4,Vacuum Packed,1,87.0
Cake,Bakery,Room Temperature,18.9,53.9,Sealed,7,7.0
Milkshake,Beverage,Freezer,-16.8,40.8,Open,6,264.0
Rice Pilaf,Cooked Food,Room Temperature,23.0,49.2,Sealed,7,7.0
Lasagna,Cooked Food,Refrigerator,4.7,71.4,Sealed,4,14.0
Bread,Bakery,Refrigerator,1.4,76.7,Open,1,1.0
Beef Steak,Meat,Refrigerator,2.4,75.7,Sealed,5,9.0
Spinach,Vegetable,Freezer,-10.5,45.7,Vacuum Packed,6,307.0
Iced Tea,Beverage,Refrigerator,3.5,73.3,Vacuum Packed,8,122.0
Chicken Curry,Cooked Food,Refrigerator,1.9,73.5,Sealed,9,34.0
Tomato,Vegetable,Freezer,-11.7,46.0,Sealed,7,239.0
Beef Steak,Meat,Refrigerator,4.3,74.5,Open,9,10.0
Lettuce,Vegetable,Refrigerator,4.4,79.1,Vacuum Packed,9,67.0
Potato,Vegetable,Freezer,-19.1,38.2,Vacuum Packed,6,294.0
Cream,Dairy,Refrigerator,3.1,89.2,Open,5,21.0
Cheese,Dairy,Refrigerator,3.6,80.9,Open,1,4.0
Pork Chops,Meat,Freezer,-17.5,33.1,Open,9,65.0
Chicken Curry,Cooked Food,Room Temperature,23.6,57.6,Sealed,10,12.0
Cream,Dairy,Freezer,-18.4,46.4,Sealed,7,313.0
Soda,Beverage,Room Temperature,27.4,42.1,Sealed,7,11.0
Apple,Fruit,Refrigerator,2.4,82.7,Sealed,5,25.0
Milk,Dairy,Freezer,-12.9,39.5,Sealed,10,428.0
Cheese,Dairy,Freezer,-10.3,49.4,Vacuum Packed,3,174.0
Chicken Curry,Cooked Food,Room Temperature,22.5,56.4,Vacuum Packed,10,22.0
Soda,Beverage,Refrigerator,2.1,89.9,Open,3,15.0
Coconut Water,Beverage,Room Temperature,21.6,56.8,Vacuum Packed,4,19.0
Pork Chops,Meat,Refrigerator,4.8,73.0,Open,5,4.0
Strawberry,Fruit,Refrigerator,1.9,74.3,Open,9,30.0
Croissant,Bakery,Freezer,-15.3,40.9,Sealed,9,167.0
Iced Tea,Beverage,Refrigerator,3.1,70.4,Open,5,31.0
Croissant,Bakery,Freezer,-18.1,39.2,Sealed,7,130.0
Bread,Bakery,Refrigerator,1.9,73.2,Sealed,6,15.0
Lasagna,Cooked Food,Refrigerator,2.7,89.7,Open,8,23.0
Orange,Fruit,Room Temperature,27.1,59.1,Open,8,6.0
Yogurt,Dairy,Refrigerator,2.0,89.7,Vacuum Packed,6,72.0
Banana,Fruit,Room Temperature,24.2,41.8,Open,1,1.0
Lentil Soup,Cooked Food,Refrigerator,2.3,89.5,Sealed,10,33.0
Milkshake,Beverage,Room Temperature,29.4,42.5,Vacuum Packed,6,22.0
Spinach,Vegetable,Freezer,-13.9,36.0,Sealed,4,132.0
Iced Tea,Beverage,Refrigerator,4.3,79.0,Vacuum Packed,9,127.0
Croissant,Bakery,Refrigerator,1.3,71.2,Vacuum Packed,9,39.0
Milkshake,Beverage,Room Temperature,20.2,55.8,Vacuum Packed,3,15.0
Croissant,Bakery,Refrigerator,3.9,74.6,Open,3,5.0
Lasagna,Cooked Food,Refrigerator,1.8,86.8,Open,5,11.0
Soda,Beverage,Room Temperature,28.2,52.6,Sealed,4,11.0
Milk,Dairy,Refrigerator,3.9,79.7,Sealed,2,13.0
Croissant,Bakery,Freezer,-14.1,48.2,Vacuum Packed,2,68.0
Cheese,Dairy,Freezer,-10.9,33.6,Sealed,2,90.0
Coconut Water,Beverage,Room Temperature,18.8,48.7,Sealed,8,28.0
Fruit Juice,Beverage,Freezer,-16.9,38.0,Vacuum Packed,5,544.0
Pasta,Cooked Food,Refrigerator,1.5,89.4,Vacuum Packed,10,47.0
Beef Steak,Meat,Refrigerator,2.0,82.3,Open,9,11.0
Minced Meat,Meat,Refrigerator,3.4,77.1,Open,1,1.0
Cake,Bakery,Freezer,-18.9,35.4,Sealed,9,169.0
Coconut Water,Beverage,Refrigerator,1.2,72.4,Sealed,5,44.0
Carrot,Vegetable,Refrigerator,3.8,77.9,Sealed,8,37.0
Yogurt,Dairy,Refrigerator,2.3,89.5,Vacuum Packed,8,66.0
Cake,Bakery,Freezer,-19.7,36.2,Sealed,10,232.0
Croissant,Bakery,Room Temperature,19.1,53.5,Sealed,5,4.0
Apple,Fruit,Refrigerator,4.5,81.4,Vacuum Packed,8,71.0
Lettuce,Vegetable,Room Temperature,25.2,58.8,Sealed,5,5.0
Minced Meat,Meat,Refrigerator,3.4,76.4,Open,9,12.0
Potato,Vegetable,Room Temperature,19.1,45.8,Vacuum Packed,4,11.0
Muffin,Bakery,Refrigerator,4.6,87.6,Vacuum Packed,3,14.0
Chicken Curry,Cooked Food,Refrigerator,2.2,83.0,Open,1,2.0
Chicken Curry,Cooked Food,Refrigerator,2.8,74.8,Open,3,6.0
Croissant,Bakery,Freezer,-14.0,43.4,Sealed,2,27.0
Banana,Fruit,Refrigerator,4.7,86.3,Open,5,16.0
Grapes,Fruit,Freezer,-14.7,42.2,Vacuum Packed,6,390.0
Cream,Dairy,Freezer,-15.7,47.9,Open,9,276.0
Muffin,Bakery,Freezer,-19.4,48.7,Sealed,3,53.0
Lentil Soup,Cooked Food,Refrigerator,4.7,80.6,Sealed,4,13.0
Chicken Breast,Meat,Refrigerator,4.9,86.5,Sealed,7,11.0
Pasta,Cooked Food,Refrigerator,2.0,89.3,Sealed,7,26.0
Beef Steak,Meat,Refrigerator,3.1,72.2,Open,7,8.0
Bread,Bakery,Refrigerator,1.8,82.2,Sealed,9,29.0
Rice Pilaf,Cooked Food,Room Temperature,22.2,44.7,Open,4,3.0
Croissant,Bakery,Room Temperature,19.1,52.5,Open,7,4.0
Grapes,Fruit,Freezer,-17.6,47.4,Open,7,146.0
Chicken Curry,Cooked Food,Refrigerator,3.2,74.6,Sealed,9,32.0
Beef Steak,Meat,Freezer,-18.6,43.9,Vacuum Packed,10,233.0
Carrot,Vegetable,Freezer,-16.6,46.4,Sealed,6,170.0
Grapes,Fruit,Refrigerator,2.1,82.9,Vacuum Packed,9,72.0
Lettuce,Vegetable,Room Temperature,24.2,41.4,Open,5,4.0
Chicken Breast,Meat,Refrigerator,1.9,79.1,Sealed,6,10.0
Beef Steak,Meat,Freezer,-15.5,36.7,Sealed,10,113.0
Bagel,Bakery,Room Temperature,25.6,55.1,Vacuum Packed,10,10.0
Bread,Bakery,Freezer,-10.7,34.7,Vacuum Packed,8,218.0
Fish Fillet,Meat,Freezer,-12.3,34.9,Sealed,5,58.0
Fruit Juice,Beverage,Room Temperature,27.9,55.6,Sealed,4,8.0
Tomato,Vegetable,Room Temperature,22.3,41.8,Vacuum Packed,9,18.0
Croissant,Bakery,Refrigerator,3.1,88.4,Vacuum Packed,6,28.0
Bagel,Bakery,Refrigerator,3.0,77.9,Sealed,2,6.0
Orange,Fruit,Freezer,-17.0,31.6,Open,3,79.0
Orange,Fruit,Refrigerator,1.9,89.1,Sealed,10,52.0
Beef Steak,Meat,Freezer,-15.1,42.1,Sealed,4,48.0
Yogurt,Dairy,Refrigerator,1.6,77.4,Open,2,7.0
Lentil Soup,Cooked Food,Refrigerator,1.5,81.9,Vacuum Packed,4,24.0
Grapes,Fruit,Freezer,-13.6,34.3,Sealed,2,65.0
Cream,Dairy,Freezer,-15.4,31.2,Vacuum Packed,2,145.0
Pasta,Cooked Food,Refrigerator,1.7,71.5,Sealed,3,11.0
Lettuce,Vegetable,Freezer,-17.7,34.7,Open,4,72.0
Cake,Bakery,Refrigerator,2.7,72.6,Vacuum Packed,3,11.0
Fish Fillet,Meat,Refrigerator,4.9,75.0,Sealed,5,7.0
Fish Fillet,Meat,Freezer,-18.6,40.7,Open,5,41.0
Rice Pilaf,Cooked Food,Refrigerator,1.2,77.4,Open,5,13.0
Bagel,Bakery,Refrigerator,1.5,87.3,Sealed,8,22.0
Rice Pilaf,Cooked Food,Refrigerator,4.6,89.1,Open,8,21.0
Spinach,Vegetable,Room Temperature,27.7,41.5,Open,10,6.0
Lentil Soup,Cooked Food,Refrigerator,3.6,87.9,Open,1,2.0
Bagel,Bakery,Freezer,-18.9,49.8,Vacuum Packed,5,161.0
Yogurt,Dairy,Refrigerator,4.8,84.8,Sealed,4,28.0
Butter,Dairy,Freezer,-13.4,33.7,Vacuum Packed,10,719.0
Strawberry,Fruit,Room Temperature,21.5,55.4,Open,9,10.0
Banana,Fruit,Freezer,-18.8,42.3,Sealed,9,338.0
Chicken Breast,Meat,Refrigerator,1.5,79.5,Sealed,6,13.0
Lasagna,Cooked Food,Room Temperature,24.2,52.3,Sealed,10,12.0
Fruit Juice,Beverage,Room Temperature,22.5,51.0,Sealed,9,26.0
Strawberry,Fruit,Refrigerator,4.7,83.5,Vacuum Packed,1,7.0
Beef Steak,Meat,Refrigerator,3.2,82.7,Sealed,5,9.0
Minced Meat,Meat,Refrigerator,2.3,85.1,Open,6,8.0
Grapes,Fruit,Room Temperature,26.7,56.4,Vacuum Packed,3,6.0
Milkshake,Beverage,Room Temperature,23.0,55.2,Open,8,14.0
Coconut Water,Beverage,Refrigerator,4.5,82.7,Open,8,49.0
Banana,Fruit,Room Temperature,26.9,57.6,Vacuum Packed,10,18.0
Chicken Curry,Cooked Food,Refrigerator,2.4,85.7,Sealed,10,39.0
Banana,Fruit,Refrigerator,4.3,70.2,Open,2,7.0
Yogurt,Dairy,Freezer,-16.3,39.0,Sealed,8,373.0
Pork Chops,Meat,Refrigerator,3.7,70.0,Vacuum Packed,5,14.0
Lettuce,Vegetable,Room Temperature,25.7,41.3,Sealed,7,6.0
Cake,Bakery,Refrigerator,2.9,82.0,Vacuum Packed,3,12.0
Fish Fillet,Meat,Freezer,-10.2,34.2,Vacuum Packed,4,80.0
Beef Steak,Meat,Refrigerator,1.4,74.4,Vacuum Packed,9,27.0
Lettuce,Vegetable,Freezer,-18.8,38.2,Sealed,7,222.0
Tomato,Vegetable,Room Temperature,20.2,47.2,Sealed,3,4.0
Carrot,Vegetable,Room Temperature,27.4,41.1,Vacuum Packed,10,18.0
Cream,Dairy,Freezer,-18.1,46.1,Sealed,5,229.0
Chicken Breast,Meat,Freezer,-12.2,30.1,Open,6,54.0
Minced Meat,Meat,Refrigerator,2.6,88.5,Open,4,4.0
Chicken Breast,Meat,Refrigerator,4.0,79.0,Open,6,6.0
Bread,Bakery,Room Temperature,28.2,40.9,Sealed,10,5.0
Apple,Fruit,Freezer,-16.5,48.0,Sealed,8,310.0
Butter,Dairy,Refrigerator,4.5,77.9,Sealed,8,54.0
Grapes,Fruit,Refrigerator,1.6,84.5,Open,8,26.0
Carrot,Vegetable,Freezer,-10.3,42.2,Open,9,165.0
Beef Steak,Meat,Refrigerator,1.5,87.2,Sealed,9,15.0
Fruit Juice,Beverage,Room Temperature,25.4,44.5,Sealed,1,1.0
Beef Steak,Meat,Refrigerator,2.8,78.2,Open,7,8.0
Minced Meat,Meat,Refrigerator,3.1,86.1,Sealed,3,5.0
Croissant,Bakery,Freezer,-12.4,45.1,Vacuum Packed,8,220.0
Lentil Soup,Cooked Food,Room Temperature,20.9,49.0,Sealed,10,14.0
Pork Chops,Meat,Freezer,-14.6,40.0,Sealed,7,101.0
Bread,Bakery,Freezer,-16.2,45.5,Vacuum Packed,8,270.0
Lasagna,Cooked Food,Refrigerator,3.6,73.9,Sealed,8,26.0
Banana,Fruit,Refrigerator,4.2,76.3,Vacuum Packed,3,33.0
Coconut Water,Beverage,Freezer,-16.9,46.0,Sealed,6,366.0
Milk,Dairy,Freezer,-14.9,49.3,Vacuum Packed,7,508.0
Strawberry,Fruit,Refrigerator,4.9,83.1,Vacuum Packed,5,42.0
Carrot,Vegetable,Room Temperature,18.4,56.5,Sealed,5,7.0
Pork Chops,Meat,Freezer,-10.1,48.0,Open,5,39.0
Orange,Fruit,Refrigerator,1.7,84.2,Sealed,1,5.0
Carrot,Vegetable,Freezer,-18.1,42.3,Vacuum Packed,6,287.0
Potato,Vegetable,Freezer,-11.6,35.1,Open,4,76.0
Butter,Dairy,Refrigerator,1.7,83.1,Open,8,34.0
Iced Tea,Beverage,Refrigerator,3.1,76.1,Vacuum Packed,5,78.0
Bread,Bakery,Freezer,-11.9,31.2,Vacuum Packed,2,61.0
Milk,Dairy,Freezer,-20.0,33.4,Sealed,8,291.0
Chicken Curry,Cooked Food,Refrigerator,4.2,79.6,Open,9,20.0
Chicken Breast,Meat,Freezer,-18.7,44.2,Sealed,3,37.0
Cake,Bakery,Room Temperature,29.6,54.5,Vacuum Packed,7,8.0
Lettuce,Vegetable,Freezer,-11.3,32.3,Sealed,5,136.0
Beef Steak,Meat,Refrigerator,2.9,76.0,Vacuum Packed,5,15.0
Milk,Dairy,Refrigerator,4.0,71.0,Sealed,9,49.0
Coconut Water,Beverage,Refrigerator,4.2,70.7,Vacuum Packed,2,26.0
Lasagna,Cooked Food,Refrigerator,4.3,82.0,Open,5,13.0
Potato,Vegetable,Freezer,-15.7,36.3,Sealed,9,283.0
Cheese,Dairy,Refrigerator,1.7,89.0,Sealed,4,26.0
Milkshake,Beverage,Refrigerator,4.1,89.4,Sealed,8,80.0
Orange,Fruit,Freezer,-10.2,35.4,Sealed,6,218.0
Yogurt,Dairy,Refrigerator,4.9,76.6,Open,3,12.0
Pork Chops,Meat,Refrigerator,2.9,81.8,Open,6,7.0
Tomato,Vegetable,Freezer,-12.0,41.4,Sealed,10,308.0
Milk,Dairy,Refrigerator,1.3,82.3,Open,3,12.0
Coconut Water,Beverage,Freezer,-19.6,39.0,Vacuum Packed,1,109.0
Muffin,Bakery,Room Temperature,26.6,52.2,Open,10,4.0
Banana,Fruit,Refrigerator,3.7,86.0,Sealed,5,25.0
Butter,Dairy,Refrigerator,4.6,78.1,Vacuum Packed,9,96.0
Tomato,Vegetable,Refrigerator,4.6,82.0,Sealed,2,9.0
Milk,Dairy,Refrigerator,4.5,84.5,Vacuum Packed,5,46.0
Spinach,Vegetable,Refrigerator,3.1,79.0,Vacuum Packed,10,75.0
Lasagna,Cooked Food,Room Temperature,20.6,49.3,Open,6,5.0
Strawberry,Fruit,Freezer,-19.2,40.9,Sealed,10,390.0
Minced Meat,Meat,Refrigerator,2.5,79.0,Vacuum Packed,9,22.0
Orange,Fruit,Room Temperature,18.3,47.9,Vacuum Packed,2,5.0
Bagel,Bakery,Freezer,-18.6,47.8,Open,4,49.0
Strawberry,Fruit,Freezer,-16.6,31.4,Sealed,1,28.0
Potato,Vegetable,Refrigerator,4.4,81.6,Sealed,1,4.0
Lentil Soup,Cooked Food,Refrigerator,1.8,88.5,Vacuum Packed,10,62.0
Cheese,Dairy,Refrigerator,1.6,79.8,Sealed,5,30.0
Bagel,Bakery,Freezer,-11.1,42.1,Open,1,13.0
Lasagna,Cooked Food,Refrigerator,1.6,70.6,Sealed,4,14.0
Rice Pilaf,Cooked Food,Refrigerator,2.0,86.8,Vacuum Packed,10,62.0
Grapes,Fruit,Freezer,-18.2,40.1,Vacuum Packed,5,301.0
Milk,Dairy,Refrigerator,1.6,78.9,Vacuum Packed,2,22.0
Butter,Dairy,Refrigerator,5.0,87.6,Sealed,9,55.0
Coconut Water,Beverage,Room Temperature,23.7,50.9,Vacuum Packed,5,28.0
Orange,Fruit,Refrigerator,3.1,87.4,Open,6,20.0
Lettuce,Vegetable,Room Temperature,28.5,58.9,Open,3,2.0
Cheese,Dairy,Freezer,-15.2,47.3,Vacuum Packed,7,419.0
Carrot,Vegetable,Freezer,-10.8,37.2,Open,3,54.0
Chicken Curry,Cooked Food,Refrigerator,4.3,85.3,Vacuum Packed,3,17.0
Bagel,Bakery,Room Temperature,25.7,46.0,Vacuum Packed,6,6.0
Yogurt,Dairy,Refrigerator,4.9,74.4,Vacuum Packed,2,25.0
Yogurt,Dairy,Refrigerator,1.5,76.0,Sealed,9,55.0
Milk,Dairy,Freezer,-10.1,34.0,Sealed,1,41.0
Pasta,Cooked Food,Refrigerator,1.0,88.7,Open,1,2.0
Muffin,Bakery,Refrigerator,1.4,78.0,Sealed,4,10.0
Yogurt,Dairy,Refrigerator,3.3,84.0,Open,3,12.0
Cheese,Dairy,Refrigerator,3.0,85.9,Sealed,2,12.0
Milkshake,Beverage,Refrigerator,2.1,86.1,Sealed,8,66.0
Pork Chops,Meat,Refrigerator,3.3,86.8,Open,9,10.0
Spinach,Vegetable,Freezer,-15.0,39.0,Sealed,4,103.0
Minced Meat,Meat,Refrigerator,3.1,79.3,Sealed,4,6.0
Minced Meat,Meat,Refrigerator,4.1,75.4,Vacuum Packed,2,5.0
Banana,Fruit,Freezer,-19.5,45.0,Vacuum Packed,9,540.0
Banana,Fruit,Refrigerator,3.8,71.3,Sealed,8,43.0
Potato,Vegetable,Room Temperature,19.0,58.6,Open,1,1.0
Strawberry,Fruit,Refrigerator,4.6,78.7,Open,6,19.0
Muffin,Bakery,Room Temperature,19.4,40.8,Open,1,0.0
Lasagna,Cooked Food,Room Temperature,20.2,45.6,Vacuum Packed,1,2.0
Bread,Bakery,Refrigerator,2.1,79.5,Vacuum Packed,5,22.0
Milkshake,Beverage,Room Temperature,23.7,42.2,Sealed,3,8.0
Bread,Bakery,Freezer,-12.3,38.3,Open,4,46.0
Carrot,Vegetable,Refrigerator,4.5,74.3,Open,7,22.0
Lasagna,Cooked Food,Refrigerator,1.5,83.0,Sealed,3,12.0
Lentil Soup,Cooked Food,Refrigerator,1.8,87.8,Vacuum Packed,3,15.0
Pasta,Cooked Food,Room Temperature,27.4,50.9,Vacuum Packed,5,6.0
Chicken Breast,Meat,Refrigerator,1.5,78.3,Open,3,3.0
Fruit Juice,Beverage,Refrigerator,2.1,84.5,Open,4,23.0
Lettuce,Vegetable,Freezer,-12.3,45.5,Sealed,6,171.0
Rice Pilaf,Cooked Food,Refrigerator,4.2,72.4,Sealed,7,25.0
Bread,Bakery,Refrigerator,3.3,81.4,Open,4,8.0
Lentil Soup,Cooked Food,Room Temperature,18.3,58.0,Open,7,5.0
Pork Chops,Meat,Refrigerator,1.3,74.6,Sealed,2,4.0
Bagel,Bakery,Freezer,-19.4,43.4,Sealed,8,144.0
Milkshake,Beverage,Refrigerator,2.5,74.5,Vacuum Packed,10,153.0
Tomato,Vegetable,Room Temperature,27.4,51.6,Vacuum Packed,5,9.0
Milkshake,Beverage,Freezer,-17.4,36.9,Sealed,8,482.0
Minced Meat,Meat,Refrigerator,1.2,83.8,Sealed,1,1.0
Carrot,Vegetable,Refrigerator,2.7,76.0,Sealed,10,48.0
Lasagna,Cooked Food,Refrigerator,4.7,85.2,Sealed,10,35.0
Cream,Dairy,Refrigerator,4.6,83.5,Open,2,7.0
Butter,Dairy,Refrigerator,1.4,82.7,Vacuum Packed,10,89.0
Pasta,Cooked Food,Room Temperature,20.1,44.3,Sealed,10,12.0
Minced Meat,Meat,Freezer,-12.7,37.1,Open,5,44.0
Minced Meat,Meat,Refrigerator,3.6,83.3,Vacuum Packed,4,11.0
Grapes,Fruit,Refrigerator,3.4,86.7,Open,10,34.0
Iced Tea,Beverage,Refrigerator,2.7,70.6,Vacuum Packed,10,157.0
Bread,Bakery,Refrigerator,2.6,88.4,Vacuum Packed,1,3.0
Chicken Curry,Cooked Food,Refrigerator,2.8,75.5,Open,2,4.0
Lentil Soup,Cooked Food,Refrigerator,3.3,78.3,Open,2,5.0
Rice Pilaf,Cooked Food,Room Temperature,19.8,53.6,Open,4,3.0
Chicken Curry,Cooked Food,Refrigerator,2.7,76.5,Vacuum Packed,3,17.0
Soda,Beverage,Room Temperature,23.0,55.6,Sealed,4,10.0
Soda,Beverage,Room Temperature,25.1,43.7,Vacuum Packed,7,24.0
Butter,Dairy,Refrigerator,4.5,79.2,Vacuum Packed,8,81.0
Cream,Dairy,Freezer,-12.3,37.1,Vacuum Packed,2,141.0
Bagel,Bakery,Room Temperature,22.7,50.9,Open,9,6.0
Pasta,Cooked Food,Refrigerator,2.4,84.5,Vacuum Packed,7,37.0
Yogurt,Dairy,Refrigerator,1.8,76.2,Vacuum Packed,4,37.0
Fruit Juice,Beverage,Room Temperature,27.1,52.2,Sealed,5,11.0
Beef Steak,Meat,Refrigerator,4.6,86.1,Vacuum Packed,8,25.0
Fish Fillet,Meat,Refrigerator,1.6,77.6,Vacuum Packed,10,27.0
Fruit Juice,Beverage,Room Temperature,29.4,40.8,Open,1,1.0
Cake,Bakery,Freezer,-12.9,45.2,Sealed,1,21.0
Bread,Bakery,Room Temperature,23.4,43.2,Vacuum Packed,7,13.0
Milk,Dairy,Refrigerator,1.5,87.0,Open,1,4.0
Cake,Bakery,Room Temperature,28.3,54.0,Vacuum Packed,7,7.0
Spinach,Vegetable,Freezer,-15.2,40.1,Sealed,1,29.0
Muffin,Bakery,Room Temperature,27.8,50.9,Open,8,3.0
Cream,Dairy,Refrigerator,3.9,87.3,Open,3,12.0
Milkshake,Beverage,Freezer,-16.8,46.3,Open,5,204.0
Iced Tea,Beverage,Refrigerator,4.3,88.1,Sealed,4,34.0
Lettuce,Vegetable,Refrigerator,2.6,73.8,Open,6,18.0
Potato,Vegetable,Room Temperature,28.5,52.1,Vacuum Packed,1,1.0
Cream,Dairy,Refrigerator,1.8,77.6,Open,4,13.0
Pork Chops,Meat,Freezer,-14.0,49.8,Sealed,10,124.0
Banana,Fruit,Room Temperature,29.7,51.1,Sealed,10,12.0
Bread,Bakery,Room Temperature,22.2,48.0,Vacuum Packed,3,4.0
Strawberry,Fruit,Refrigerator,3.8,72.9,Vacuum Packed,7,53.0
Cream,Dairy,Freezer,-19.3,38.6,Vacuum Packed,4,283.0
Rice Pilaf,Cooked Food,Refrigerator,2.5,81.3,Open,1,2.0
Beef Steak,Meat,Refrigerator,2.0,70.0,Open,3,3.0
Minced Meat,Meat,Freezer,-13.2,38.2,Open,4,32.0
Fruit Juice,Beverage,Room Temperature,23.4,59.2,Open,10,18.0
Beef Steak,Meat,Refrigerator,4.0,76.5,Vacuum Packed,5,16.0
Fruit Juice,Beverage,Freezer,-17.4,38.7,Open,10,478.0
Strawberry,Fruit,Room Temperature,19.1,44.0,Vacuum Packed,4,12.0
Fruit Juice,Beverage,Room Temperature,18.2,41.5,Sealed,8,21.0
Chicken Breast,Meat,Refrigerator,3.4,77.4,Vacuum Packed,10,24.0
Orange,Fruit,Freezer,-17.2,45.7,Vacuum Packed,10,499.0
Yogurt,Dairy,Freezer,-15.7,34.1,Vacuum Packed,9,635.0
Fruit Juice,Beverage,Room Temperature,28.7,53.3,Vacuum Packed,5,19.0
Butter,Dairy,Freezer,-15.0,40.7,Vacuum Packed,5,341.0
Milkshake,Beverage,Refrigerator,4.3,75.8,Vacuum Packed,10,139.0
Minced Meat,Meat,Refrigerator,2.1,84.3,Sealed,2,3.0
Spinach,Vegetable,Refrigerator,1.6,73.2,Open,1,3.0
Iced Tea,Beverage,Room Temperature,27.9,48.9,Open,1,1.0
Cake,Bakery,Freezer,-14.8,40.7,Open,10,125.0
Coconut Water,Beverage,Refrigerator,2.4,80.1,Vacuum Packed,1,15.0
Potato,Vegetable,Room Temperature,22.7,51.1,Vacuum Packed,7,18.0
Apple,Fruit,Freezer,-15.4,38.3,Vacuum Packed,6,348.0
Potato,Vegetable,Freezer,-13.3,33.6,Sealed,4,115.0
Potato,Vegetable,Refrigerator,3.1,85.8,Sealed,6,26.0
Beef Steak,Meat,Refrigerator,2.7,84.6,Vacuum Packed,10,27.0
Croissant,Bakery,Room Temperature,20.5,46.2,Vacuum Packed,7,10.0
Iced Tea,Beverage,Refrigerator,1.9,89.2,Vacuum Packed,9,113.0
Yogurt,Dairy,Refrigerator,3.8,73.4,Sealed,2,10.0
Cream,Dairy,Freezer,-13.7,40.7,Open,1,30.0
Soda,Beverage,Room Temperature,20.5,47.8,Open,3,6.0
Soda,Beverage,Room Temperature,29.4,55.5,Sealed,1,2.0
Cream,Dairy,Refrigerator,3.8,75.1,Open,6,27.0
Bread,Bakery,Room Temperature,23.6,57.5,Open,3,1.0
Coconut Water,Beverage,Freezer,-11.8,38.1,Vacuum Packed,3,279.0
Cream,Dairy,Refrigerator,3.6,70.3,Sealed,8,49.0
Lettuce,Vegetable,Freezer,-19.3,43.0,Open,2,43.0
Grapes,Fruit,Room Temperature,29.9,44.6,Open,10,7.0
Pork Chops,Meat,Freezer,-16.3,37.4,Vacuum Packed,10,186.0
Iced Tea,Beverage,Freezer,-16.2,46.6,Open,9,369.0
Lettuce,Vegetable,Room Temperature,25.0,55.6,Open,7,5.0
Strawberry,Fruit,Room Temperature,18.2,44.1,Open,7,7.0
Fish Fillet,Meat,Refrigerator,2.0,82.1,Open,10,13.0
Croissant,Bakery,Room Temperature,24.5,55.2,Sealed,6,6.0
Potato,Vegetable,Freezer,-11.4,47.4,Sealed,1,24.0
Banana,Fruit,Refrigerator,2.5,86.4,Sealed,1,5.0
Iced Tea,Beverage,Refrigerator,4.0,74.5,Sealed,5,40.0
Grapes,Fruit,Freezer,-14.0,35.3,Vacuum Packed,5,316.0
Milkshake,Beverage,Refrigerator,3.8,77.4,Open,5,31.0
Coconut Water,Beverage,Room Temperature,28.7,56.5,Sealed,2,4.0
Pork Chops,Meat,Refrigerator,3.9,78.7,Open,6,8.0
Banana,Fruit,Freezer,-11.9,44.1,Sealed,4,152.0
Cream,Dairy,Refrigerator,3.3,76.1,Open,1,4.0
Butter,Dairy,Freezer,-11.5,38.1,Sealed,5,223.0
Muffin,Bakery,Refrigerator,3.3,82.5,Open,10,20.0
Milk,Dairy,Refrigerator,3.6,84.7,Sealed,10,64.0
Yogurt,Dairy,Freezer,-16.6,40.6,Vacuum Packed,5,312.0
Cream,Dairy,Freezer,-13.5,46.1,Sealed,9,402.0
Rice Pilaf,Cooked Food,Refrigerator,4.5,72.2,Vacuum Packed,5,30.0
Bagel,Bakery,Freezer,-13.1,43.9,Open,6,66.0
Milkshake,Beverage,Room Temperature,20.2,54.1,Sealed,2,5.0
Fruit Juice,Beverage,Room Temperature,29.4,41.2,Sealed,1,2.0
Cake,Bakery,Refrigerator,4.6,82.8,Sealed,2,5.0
Pasta,Cooked Food,Refrigerator,4.7,81.7,Vacuum Packed,6,34.0
Apple,Fruit,Freezer,-11.2,43.2,Vacuum Packed,8,488.0
Cream,Dairy,Freezer,-11.2,32.5,Vacuum Packed,4,299.0
Fruit Juice,Beverage,Freezer,-11.5,31.2,Vacuum Packed,5,448.0
Milkshake,Beverage,Room Temperature,26.0,57.8,Open,3,4.0
Milkshake,Beverage,Refrigerator,1.9,79.4,Sealed,8,73.0
Strawberry,Fruit,Freezer,-18.5,49.5,Sealed,9,322.0
Iced Tea,Beverage,Refrigerator,3.5,74.4,Sealed,7,66.0
Bread,Bakery,Room Temperature,21.6,59.5,Sealed,6,5.0
Chicken Breast,Meat,Freezer,-12.9,42.3,Sealed,5,61.0
Chicken Breast,Meat,Refrigerator,1.6,82.5,Sealed,7,12.0
Soda,Beverage,Room Temperature,26.6,45.6,Sealed,9,17.0
Fish Fillet,Meat,Refrigerator,3.2,89.8,Open,10,12.0
Coconut Water,Beverage,Room Temperature,27.2,58.8,Sealed,5,8.0
Grapes,Fruit,Room Temperature,23.9,49.7,Vacuum Packed,7,21.0
Milkshake,Beverage,Freezer,-12.4,32.5,Open,1,39.0
Potato,Vegetable,Refrigerator,3.3,81.6,Sealed,6,27.0
Potato,Vegetable,Freezer,-18.6,41.4,Open,3,50.0
Muffin,Bakery,Room Temperature,22.9,58.1,Open,6,3.0
Carrot,Vegetable,Refrigerator,2.5,71.7,Open,5,15.0
Minced Meat,Meat,Refrigerator,1.9,74.4,Sealed,4,6.0
Lasagna,Cooked Food,Room Temperature,27.5,52.5,Open,1,0.0
Minced Meat,Meat,Refrigerator,2.4,71.9,Sealed,8,13.0
Orange,Fruit,Room Temperature,23.6,49.3,Open,7,7.0
Banana,Fruit,Freezer,-14.0,50.0,Sealed,2,67.0
Butter,Dairy,Refrigerator,2.9,85.5,Open,7,26.0
Bread,Bakery,Room Temperature,23.3,56.8,Open,3,1.0
Milkshake,Beverage,Room Temperature,27.3,58.3,Vacuum Packed,1,3.0
Cheese,Dairy,Refrigerator,4.0,72.5,Open,1,4.0
Rice Pilaf,Cooked Food,Refrigerator,4.0,78.6,Open,1,2.0
Yogurt,Dairy,Refrigerator,1.1,89.2,Vacuum Packed,8,83.0
Carrot,Vegetable,Refrigerator,2.2,82.4,Open,3,9.0
Cake,Bakery,Refrigerator,2.1,75.6,Sealed,4,11.0
Cake,Bakery,Refrigerator,4.2,75.6,Sealed,8,25.0
Butter,Dairy,Refrigerator,2.4,86.7,Vacuum Packed,8,83.0
Minced Meat,Meat,Refrigerator,2.0,84.2,Vacuum Packed,8,25.0
Coconut Water,Beverage,Room Temperature,29.0,43.8,Sealed,6,14.0
Orange,Fruit,Freezer,-17.1,32.3,Vacuum Packed,1,64.0
Iced Tea,Beverage,Room Temperature,26.0,48.2,Sealed,7,14.0
Fruit Juice,Beverage,Refrigerator,1.8,73.7,Sealed,5,47.0
Lettuce,Vegetable,Room Temperature,27.9,43.5,Open,1,0.0
Banana,Fruit,Refrigerator,3.4,78.7,Open,8,26.0
Tomato,Vegetable,Room Temperature,22.3,40.9,Vacuum Packed,7,18.0
Muffin,Bakery,Refrigerator,3.1,84.0,Sealed,10,27.0
Lettuce,Vegetable,Room Temperature,19.0,45.1,Open,10,8.0
Cream,Dairy,Refrigerator,1.9,87.9,Sealed,1,7.0
Muffin,Bakery,Refrigerator,4.5,74.5,Vacuum Packed,10,48.0
Lasagna,Cooked Food,Room Temperature,29.8,45.2,Vacuum Packed,10,15.0
Rice Pilaf,Cooked Food,Refrigerator,1.2,83.8,Vacuum Packed,6,38.0
Spinach,Vegetable,Freezer,-13.1,48.0,Vacuum Packed,1,43.0
Pork Chops,Meat,Refrigerator,2.5,86.1,Open,6,6.0
Pork Chops,Meat,Refrigerator,2.5,86.2,Sealed,1,1.0
Coconut Water,Beverage,Freezer,-19.8,43.6,Sealed,1,71.0
Coconut Water,Beverage,Refrigerator,2.6,73.2,Sealed,2,15.0
Bread,Bakery,Room Temperature,26.6,41.4,Vacuum Packed,3,3.0
Cake,Bakery,Freezer,-16.0,46.7,Open,1,13.0
Iced Tea,Beverage,Refrigerator,1.4,77.1,Open,6,40.0
Milkshake,Beverage,Freezer,-19.7,48.1,Open,10,451.0
Bagel,Bakery,Refrigerator,3.2,74.6,Vacuum Packed,9,44.0
Milkshake,Beverage,Freezer,-16.2,36.3,Vacuum Packed,10,950.0
Chicken Breast,Meat,Refrigerator,4.1,78.0,Sealed,7,12.0
Grapes,Fruit,Refrigerator,1.4,85.4,Sealed,10,60.0
Banana,Fruit,Room Temperature,21.7,51.5,Vacuum Packed,3,9.0
Cake,Bakery,Room Temperature,26.7,46.9,Sealed,8,5.0
Pork Chops,Meat,Freezer,-16.0,45.7,Vacuum Packed,10,201.0
Fruit Juice,Beverage,Refrigerator,1.5,88.8,Vacuum Packed,10,145.0
Cream,Dairy,Refrigerator,2.2,80.9,Sealed,9,54.0
Fruit Juice,Beverage,Refrigerator,4.6,71.7,Sealed,7,60.0
Fruit Juice,Beverage,Room Temperature,25.9,52.0,Sealed,10,20.0
Strawberry,Fruit,Room Temperature,23.0,41.0,Vacuum Packed,1,2.0
Cheese,Dairy,Freezer,-12.7,48.9,Open,10,231.0
Soda,Beverage,Refrigerator,2.1,84.2,Vacuum Packed,8,137.0
Milkshake,Beverage,Room Temperature,28.0,56.1,Open,1,1.0
Rice Pilaf,Cooked Food,Refrigerator,2.8,76.7,Open,7,15.0
Chicken Breast,Meat,Refrigerator,4.5,85.2,Open,3,4.0
Muffin,Bakery,Room Temperature,24.9,56.1,Vacuum Packed,7,10.0
Bagel,Bakery,Room Temperature,21.2,47.2,Sealed,2,2.0
Chicken Curry,Cooked Food,Refrigerator,2.0,87.7,Vacuum Packed,4,21.0
Carrot,Vegetable,Freezer,-13.5,47.5,Vacuum Packed,9,456.0
Banana,Fruit,Room Temperature,19.9,54.8,Open,6,6.0
Strawberry,Fruit,Room Temperature,29.9,40.6,Open,10,7.0
Orange,Fruit,Room Temperature,24.1,52.8,Vacuum Packed,5,15.0
Orange,Fruit,Refrigerator,2.7,76.6,Open,7,25.0
Carrot,Vegetable,Freezer,-19.0,42.1,Vacuum Packed,2,104.0
Bread,Bakery,Room Temperature,23.9,43.9,Vacuum Packed,5,6.0
Cake,Bakery,Freezer,-18.7,49.6,Vacuum Packed,3,97.0
Muffin,Bakery,Refrigerator,4.6,88.9,Open,2,3.0
Minced Meat,Meat,Freezer,-17.7,43.8,Open,8,75.0
Tomato,Vegetable,Freezer,-19.4,32.6,Sealed,9,247.0
Apple,Fruit,Refrigerator,2.6,72.5,Sealed,9,54.0
Apple,Fruit,Refrigerator,4.4,79.7,Sealed,1,6.0
Pork Chops,Meat,Refrigerator,4.2,78.0,Vacuum Packed,5,16.0
Cake,Bakery,Room Temperature,18.3,47.3,Sealed,5,3.0
Strawberry,Fruit,Refrigerator,1.6,84.3,Sealed,4,23.0
Spinach,Vegetable,Room Temperature,26.2,58.9,Vacuum Packed,7,13.0
Butter,Dairy,Refrigerator,3.7,81.1,Vacuum Packed,1,9.0
Lettuce,Vegetable,Refrigerator,2.3,87.9,Vacuum Packed,8,53.0
Milk,Dairy,Refrigerator,2.3,81.1,Sealed,6,33.0
Fish Fillet,Meat,Freezer,-14.3,40.3,Sealed,9,124.0
Lentil Soup,Cooked Food,Refrigerator,2.6,79.6,Vacuum Packed,7,37.0
Iced Tea,Beverage,Room Temperature,19.1,41.3,Sealed,3,8.0
Fruit Juice,Beverage,Room Temperature,23.9,57.2,Open,3,6.0
Carrot,Vegetable,Freezer,-13.3,32.4,Open,4,84.0
Pork Chops,Meat,Freezer,-13.8,33.7,Open,6,49.0
Cake,Bakery,Freezer,-13.8,47.0,Vacuum Packed,8,238.0
Cream,Dairy,Refrigerator,1.3,71.1,Vacuum Packed,3,28.0
Muffin,Bakery,Refrigerator,2.2,88.7,Sealed,3,7.0
Beef Steak,Meat,Refrigerator,4.6,86.2,Vacuum Packed,4,13.0
Pork Chops,Meat,Freezer,-10.0,44.0,Sealed,3,34.0
Potato,Vegetable,Refrigerator,2.2,89.3,Vacuum Packed,1,7.0
Soda,Beverage,Freezer,-16.3,41.0,Open,7,301.0
Tomato,Vegetable,Room Temperature,18.7,46.8,Sealed,3,3.0
Minced Meat,Meat,Freezer,-15.5,37.1,Open,8,73.0
Minced Meat,Meat,Refrigerator,2.8,78.3,Vacuum Packed,6,20.0
Tomato,Vegetable,Room Temperature,19.8,49.5,Vacuum Packed,2,4.0
Lettuce,Vegetable,Room Temperature,26.1,40.8,Vacuum Packed,6,9.0
Strawberry,Fruit,Room Temperature,18.5,47.3,Open,3,3.0
Croissant,Bakery,Freezer,-13.2,41.9,Open,2,22.0
Cake,Bakery,Room Temperature,19.7,43.0,Vacuum Packed,4,6.0
Chicken Breast,Meat,Refrigerator,3.0,74.0,Sealed,2,4.0
Cake,Bakery,Refrigerator,2.4,76.1,Vacuum Packed,7,27.0
Banana,Fruit,Room Temperature,22.7,52.1,Sealed,3,6.0
Rice Pilaf,Cooked Food,Refrigerator,4.7,83.4,Open,10,22.0
Soda,Beverage,Freezer,-16.2,31.1,Vacuum Packed,7,671.0
Cheese,Dairy,Refrigerator,1.9,78.9,Vacuum Packed,10,90.0
Bread,Bakery,Refrigerator,4.2,81.1,Vacuum Packed,6,26.0
Apple,Fruit,Freezer,-14.0,38.3,Vacuum Packed,7,363.0
Fruit Juice,Beverage,Room Temperature,18.3,56.4,Open,7,14.0
Rice Pilaf,Cooked Food,Refrigerator,4.3,80.9,Sealed,7,22.0
Cheese,Dairy,Refrigerator,2.5,71.0,Vacuum Packed,6,61.0
Lasagna,Cooked Food,Refrigerator,2.5,86.8,Vacuum Packed,4,26.0
Milk,Dairy,Refrigerator,4.8,71.0,Vacuum Packed,7,93.0
Chicken Breast,Meat,Refrigerator,3.2,82.9,Open,10,11.0
Bread,Bakery,Room Temperature,27.6,55.1,Sealed,9,5.0
Bread,Bakery,Freezer,-10.1,43.7,Vacuum Packed,9,261.0
Minced Meat,Meat,Refrigerator,1.0,83.4,Vacuum Packed,8,21.0
Milk,Dairy,Refrigerator,1.1,76.7,Sealed,9,65.0
Coconut Water,Beverage,Room Temperature,20.0,41.0,Sealed,2,6.0
Banana,Fruit,Freezer,-18.9,36.6,Vacuum Packed,2,137.0
Yogurt,Dairy,Refrigerator,3.7,89.2,Open,8,37.0
Spinach,Vegetable,Freezer,-12.6,42.2,Sealed,3,101.0
Cake,Bakery,Freezer,-16.3,40.4,Open,1,10.0
Rice Pilaf,Cooked Food,Room Temperature,25.8,49.2,Sealed,7,5.0
Muffin,Bakery,Room Temperature,19.6,43.2,Vacuum Packed,6,9.0
Rice Pilaf,Cooked Food,Room Temperature,29.9,44.2,Vacuum Packed,3,4.0
Coconut Water,Beverage,Freezer,-16.5,34.9,Open,9,434.0
Iced Tea,Beverage,Room Temperature,20.7,41.4,Vacuum Packed,8,39.0
Muffin,Bakery,Refrigerator,2.3,84.9,Open,5,7.0
Grapes,Fruit,Room Temperature,23.3,46.3,Sealed,5,9.0
Apple,Fruit,Refrigerator,1.0,79.9,Open,6,20.0
Fish Fillet,Meat,Refrigerator,1.4,72.6,Open,3,3.0
Chicken Curry,Cooked Food,Room Temperature,20.4,40.5,Sealed,2,2.0
Tomato,Vegetable,Room Temperature,27.7,48.6,Sealed,3,2.0
Tomato,Vegetable,Freezer,-16.2,38.7,Open,6,105.0
Rice Pilaf,Cooked Food,Refrigerator,4.3,73.5,Vacuum Packed,10,64.0
Strawberry,Fruit,Room Temperature,27.7,40.3,Vacuum Packed,8,18.0
Potato,Vegetable,Room Temperature,21.5,45.3,Vacuum Packed,3,8.0
Lentil Soup,Cooked Food,Room Temperature,28.6,56.3,Sealed,10,8.0
Pasta,Cooked Food,Room Temperature,18.6,44.6,Open,5,3.0
Bread,Bakery,Freezer,-16.9,38.2,Vacuum Packed,7,187.0
Coconut Water,Beverage,Freezer,-16.1,37.5,Open,7,275.0
Cake,Bakery,Freezer,-18.7,43.4,Open,10,117.0
Milkshake,Beverage,Refrigerator,3.9,77.3,Vacuum Packed,2,28.0
Chicken Curry,Cooked Food,Refrigerator,1.0,80.5,Sealed,8,25.0
Lettuce,Vegetable,Freezer,-12.5,47.9,Vacuum Packed,1,56.0
Pork Chops,Meat,Freezer,-11.0,35.3,Vacuum Packed,8,182.0
Strawberry,Fruit,Freezer,-11.2,36.0,Open,7,174.0
Tomato,Vegetable,Freezer,-11.5,36.6,Vacuum Packed,1,52.0
Pork Chops,Meat,Refrigerator,1.5,76.2,Vacuum Packed,6,18.0
Chicken Curry,Cooked Food,Room Temperature,29.3,46.3,Vacuum Packed,7,9.0
Potato,Vegetable,Room Temperature,25.2,41.6,Sealed,4,4.0
Chicken Curry,Cooked Food,Room Temperature,20.6,41.8,Vacuum Packed,9,20.0
Yogurt,Dairy,Refrigerator,3.5,78.0,Open,9,36.0
Chicken Curry,Cooked Food,Refrigerator,1.4,86.8,Vacuum Packed,1,4.0
Cake,Bakery,Freezer,-13.9,36.1,Sealed,6,117.0
Iced Tea,Beverage,Refrigerator,4.8,76.0,Open,4,23.0
Potato,Vegetable,Room Temperature,18.7,45.1,Sealed,9,13.0
Coconut Water,Beverage,Freezer,-14.9,40.2,Sealed,8,462.0
Cheese,Dairy,Refrigerator,3.7,81.9,Open,4,19.0
Cream,Dairy,Freezer,-13.5,38.4,Open,10,269.0
Soda,Beverage,Room Temperature,25.9,54.9,Open,7,9.0
Milk,Dairy,Refrigerator,2.9,87.2,Sealed,9,60.0
Butter,Dairy,Refrigerator,2.1,86.4,Open,6,26.0
Fruit Juice,Beverage,Freezer,-15.7,32.4,Open,2,82.0
Yogurt,Dairy,Freezer,-12.9,34.7,Vacuum Packed,4,301.0
Potato,Vegetable,Refrigerator,2.8,84.8,Vacuum Packed,7,48.0
Rice Pilaf,Cooked Food,Room Temperature,27.3,53.4,Sealed,10,7.0
Soda,Beverage,Refrigerator,3.2,75.6,Sealed,1,9.0
Bread,Bakery,Refrigerator,1.4,84.1,Sealed,9,25.0
Muffin,Bakery,Refrigerator,5.0,89.0,Open,8,13.0
Iced Tea,Beverage,Refrigerator,3.2,75.8,Vacuum Packed,6,92.0
Tomato,Vegetable,Freezer,-10.1,36.3,Vacuum Packed,9,526.0
Iced Tea,Beverage,Freezer,-18.8,31.4,Vacuum Packed,2,209.0
Lasagna,Cooked Food,Refrigerator,2.9,84.8,Vacuum Packed,6,34.0
Strawberry,Fruit,Room Temperature,28.0,50.0,Open,9,7.0
Grapes,Fruit,Refrigerator,3.2,73.2,Vacuum Packed,2,22.0
Banana,Fruit,Room Temperature,23.4,56.6,Sealed,9,14.0
Rice Pilaf,Cooked Food,Refrigerator,2.5,78.3,Vacuum Packed,7,43.0
Grapes,Fruit,Freezer,-17.4,49.4,Open,4,92.0
Potato,Vegetable,Room Temperature,24.0,56.6,Vacuum Packed,6,13.0
Coconut Water,Beverage,Refrigerator,4.1,82.6,Open,2,13.0
Iced Tea,Beverage,Refrigerator,3.5,86.2,Vacuum Packed,9,101.0
Potato,Vegetable,Refrigerator,3.7,88.5,Sealed,7,33.0
Lentil Soup,Cooked Food,Refrigerator,1.8,74.7,Sealed,3,11.0
Bread,Bakery,Freezer,-12.4,44.3,Sealed,2,27.0
Grapes,Fruit,Freezer,-18.0,38.2,Vacuum Packed,10,568.0
Carrot,Vegetable,Refrigerator,3.9,77.2,Open,6,18.0
Beef Steak,Meat,Refrigerator,4.6,70.1,Open,8,8.0
Lettuce,Vegetable,Room Temperature,19.3,51.4,Sealed,8,10.0
Grapes,Fruit,Refrigerator,3.1,73.9,Open,2,7.0
Spinach,Vegetable,Refrigerator,4.0,76.8,Sealed,4,21.0
Bread,Bakery,Room Temperature,21.1,49.3,Open,7,4.0
Cheese,Dairy,Freezer,-15.8,36.8,Open,2,53.0
Tomato,Vegetable,Freezer,-14.3,45.2,Open,8,167.0
Iced Tea,Beverage,Freezer,-12.0,46.7,Open,6,273.0
Pasta,Cooked Food,Refrigerator,2.6,83.5,Sealed,8,30.0
Lentil Soup,Cooked Food,Refrigerator,2.9,83.2,Sealed,10,33.0
Apple,Fruit,Room Temperature,22.6,42.1,Open,10,10.0
Cheese,Dairy,Refrigerator,2.9,88.0,Open,8,37.0
Lentil Soup,Cooked Food,Refrigerator,1.2,70.4,Vacuum Packed,7,47.0
Lettuce,Vegetable,Refrigerator,1.6,84.6,Vacuum Packed,7,57.0
Muffin,Bakery,Refrigerator,4.7,80.3,Open,4,7.0
Chicken Breast,Meat,Refrigerator,4.3,81.9,Vacuum Packed,8,26.0
Minced Meat,Meat,Freezer,-19.1,45.5,Vacuum Packed,5,99.0
Yogurt,Dairy,Refrigerator,3.8,80.7,Vacuum Packed,3,29.0
Lasagna,Cooked Food,Room Temperature,26.5,58.6,Open,3,1.0
Soda,Beverage,Refrigerator,3.1,75.2,Open,10,56.0
Pork Chops,Meat,Refrigerator,1.2,73.5,Sealed,10,18.0
Pasta,Cooked Food,Room Temperature,26.7,58.5,Open,10,4.0
Yogurt,Dairy,Refrigerator,3.4,79.8,Sealed,5,32.0
Croissant,Bakery,Room Temperature,27.7,43.7,Open,10,5.0
Chicken Breast,Meat,Refrigerator,3.2,76.9,Vacuum Packed,4,11.0
Fruit Juice,Beverage,Room Temperature,26.7,56.7,Open,6,8.0
Apple,Fruit,Freezer,-12.6,39.7,Sealed,8,281.0
Lasagna,Cooked Food,Refrigerator,2.8,79.5,Sealed,8,28.0
Croissant,Bakery,Freezer,-17.4,46.6,Sealed,10,209.0
Apple,Fruit,Freezer,-12.1,38.0,Sealed,7,281.0
Apple,Fruit,Room Temperature,18.5,49.0,Sealed,6,10.0
Grapes,Fruit,Refrigerator,2.5,72.0,Open,2,8.0
Croissant,Bakery,Freezer,-13.1,35.8,Sealed,7,136.0
Milk,Dairy,Refrigerator,2.7,72.3,Sealed,9,49.0
Fish Fillet,Meat,Refrigerator,1.9,80.3,Sealed,10,18.0
Milkshake,Beverage,Refrigerator,1.1,89.3,Open,5,27.0
Rice Pilaf,Cooked Food,Room Temperature,22.2,40.7,Sealed,9,11.0
Coconut Water,Beverage,Room Temperature,25.8,58.0,Open,9,12.0
Strawberry,Fruit,Freezer,-17.0,33.7,Open,6,132.0
Lettuce,Vegetable,Freezer,-13.0,48.9,Vacuum Packed,5,220.0
Cream,Dairy,Refrigerator,1.8,85.4,Vacuum Packed,5,51.0
Apple,Fruit,Refrigerator,4.3,87.7,Open,5,17.0
Cream,Dairy,Freezer,-18.1,38.9,Open,10,301.0
Pork Chops,Meat,Freezer,-17.2,36.6,Open,8,58.0
Pork Chops,Meat,Refrigerator,4.8,88.4,Open,7,7.0
Croissant,Bakery,Room Temperature,23.2,57.4,Sealed,3,3.0
Apple,Fruit,Refrigerator,2.6,82.2,Open,2,7.0
Milkshake,Beverage,Refrigerator,4.7,74.6,Sealed,10,103.0
Carrot,Vegetable,Freezer,-11.3,41.5,Sealed,7,185.0
Apple,Fruit,Refrigerator,3.7,78.4,Open,9,27.0
Carrot,Vegetable,Freezer,-15.0,48.2,Sealed,9,284.0
Coconut Water,Beverage,Freezer,-15.6,48.8,Sealed,4,259.0
Apple,Fruit,Refrigerator,2.9,71.4,Vacuum Packed,5,49.0
Cake,Bakery,Freezer,-17.8,33.2,Vacuum Packed,7,210.0
Fruit Juice,Beverage,Refrigerator,4.4,83.0,Open,2,12.0
Minced Meat,Meat,Refrigerator,4.1,79.4,Vacuum Packed,9,25.0
Banana,Fruit,Room Temperature,18.1,49.1,Open,7,7.0
Rice Pilaf,Cooked Food,Refrigerator,3.8,89.7,Vacuum Packed,5,30.0
Coconut Water,Beverage,Refrigerator,1.2,70.4,Open,10,56.0
Lettuce,Vegetable,Room Temperature,29.2,49.1,Vacuum Packed,4,6.0
Potato,Vegetable,Freezer,-14.6,39.5,Sealed,6,182.0
Spinach,Vegetable,Freezer,-16.6,42.3,Vacuum Packed,8,438.0
Lasagna,Cooked Food,Refrigerator,2.1,75.6,Open,1,2.0
Chicken Curry,Cooked Food,Room Temperature,22.7,49.0,Open,6,5.0
Pork Chops,Meat,Refrigerator,2.4,85.9,Open,2,2.0
Yogurt,Dairy,Refrigerator,3.3,82.2,Vacuum Packed,4,50.0
Milk,Dairy,Refrigerator,4.5,89.1,Vacuum Packed,1,10.0
Milkshake,Beverage,Room Temperature,18.7,42.6,Sealed,4,10.0
Cream,Dairy,Refrigerator,5.0,82.2,Open,8,35.0
Yogurt,Dairy,Refrigerator,4.6,70.6,Open,8,34.0
Yogurt,Dairy,Refrigerator,3.8,73.8,Open,1,3.0
Orange,Fruit,Freezer,-18.1,33.6,Sealed,2,79.0
Potato,Vegetable,Refrigerator,4.5,81.7,Sealed,2,10.0
Milkshake,Beverage,Refrigerator,1.5,75.2,Open,9,58.0
Bread,Bakery,Refrigerator,3.1,83.8,Vacuum Packed,4,17.0
Lentil Soup,Cooked Food,Room Temperature,19.7,54.9,Vacuum Packed,10,18.0
Minced Meat,Meat,Freezer,-15.9,38.9,Sealed,10,113.0
Lettuce,Vegetable,Freezer,-13.2,44.3,Vacuum Packed,7,341.0
Grapes,Fruit,Refrigerator,2.1,77.9,Vacuum Packed,6,54.0
Grapes,Fruit,Refrigerator,2.2,88.8,Sealed,10,45.0
Rice Pilaf,Cooked Food,Refrigerator,2.2,74.8,Sealed,3,10.0
Rice Pilaf,Cooked Food,Refrigerator,3.0,72.8,Sealed,4,14.0
Bread,Bakery,Room Temperature,18.8,46.3,Vacuum Packed,8,13.0
Bread,Bakery,Room Temperature,28.3,56.9,Vacuum Packed,6,5.0
Milk,Dairy,Freezer,-19.9,38.2,Vacuum Packed,10,779.0
Pork Chops,Meat,Freezer,-17.1,38.9,Open,4,32.0
Rice Pilaf,Cooked Food,Refrigerator,4.0,81.4,Open,3,6.0
Cream,Dairy,Refrigerator,3.9,73.5,Sealed,10,60.0
Iced Tea,Beverage,Room Temperature,23.9,46.2,Open,4,9.0
Tomato,Vegetable,Refrigerator,2.8,81.1,Vacuum Packed,1,6.0
Iced Tea,Beverage,Refrigerator,4.1,86.2,Sealed,4,35.0
Lettuce,Vegetable,Room Temperature,28.0,51.5,Open,6,3.0
Grapes,Fruit,Room Temperature,23.2,45.9,Sealed,10,19.0
Butter,Dairy,Freezer,-18.4,32.1,Vacuum Packed,2,141.0
Carrot,Vegetable,Room Temperature,25.8,57.4,Open,4,3.0
Chicken Curry,Cooked Food,Refrigerator,3.5,74.4,Vacuum Packed,10,67.0
Rice Pilaf,Cooked Food,Refrigerator,3.3,88.6,Sealed,10,34.0
Butter,Dairy,Refrigerator,4.2,82.1,Vacuum Packed,1,10.0
Chicken Breast,Meat,Refrigerator,4.3,82.9,Open,3,3.0
Butter,Dairy,Freezer,-10.9,38.8,Vacuum Packed,3,235.0
Tomato,Vegetable,Refrigerator,2.9,88.6,Sealed,2,9.0
Cake,Bakery,Refrigerator,4.7,76.8,Open,3,4.0
Lasagna,Cooked Food,Refrigerator,3.9,75.4,Open,1,2.0
Chicken Curry,Cooked Food,Room Temperature,28.7,49.0,Vacuum Packed,5,7.0
Banana,Fruit,Refrigerator,2.7,86.8,Vacuum Packed,8,76.0
Potato,Vegetable,Freezer,-18.1,32.0,Vacuum Packed,6,316.0
Croissant,Bakery,Refrigerator,2.8,76.8,Open,10,19.0
Grapes,Fruit,Refrigerator,1.7,73.8,Sealed,5,27.0
Lentil Soup,Cooked Food,Refrigerator,1.8,90.0,Open,9,20.0
Carrot,Vegetable,Room Temperature,18.3,54.7,Vacuum Packed,8,21.0
Soda,Beverage,Room Temperature,19.5,42.6,Open,9,20.0
Chicken Curry,Cooked Food,Room Temperature,25.5,43.7,Sealed,3,2.0
Rice Pilaf,Cooked Food,Refrigerator,3.6,86.2,Sealed,5,19.0
Cake,Bakery,Room Temperature,18.2,48.6,Open,4,2.0
Minced Meat,Meat,Refrigerator,2.9,70.3,Sealed,3,5.0
Cake,Bakery,Freezer,-13.5,34.7,Vacuum Packed,9,297.0
Orange,Fruit,Freezer,-10.7,33.3,Vacuum Packed,2,114.0
Apple,Fruit,Refrigerator,1.2,86.7,Vacuum Packed,3,28.0
Potato,Vegetable,Freezer,-17.9,42.3,Sealed,5,144.0
Cake,Bakery,Room Temperature,21.6,43.8,Sealed,6,5.0
Orange,Fruit,Room Temperature,19.3,48.5,Vacuum Packed,4,9.0
Lasagna,Cooked Food,Refrigerator,1.3,74.7,Sealed,2,7.0
Grapes,Fruit,Freezer,-19.8,32.1,Sealed,5,163.0
Lettuce,Vegetable,Freezer,-18.6,38.5,Open,5,119.0
Banana,Fruit,Freezer,-11.1,35.5,Open,3,69.0
Cream,Dairy,Freezer,-15.5,39.8,Sealed,7,298.0
Banana,Fruit,Refrigerator,4.8,89.1,Sealed,9,44.0
Spinach,Vegetable,Refrigerator,2.1,88.2,Open,2,5.0
Grapes,Fruit,Freezer,-16.2,42.5,Open,1,26.0
Muffin,Bakery,Refrigerator,4.9,87.4,Sealed,6,17.0
Spinach,Vegetable,Refrigerator,1.3,78.3,Open,4,11.0
Lentil Soup,Cooked Food,Refrigerator,3.5,89.8,Open,9,21.0
Cheese,Dairy,Refrigerator,4.3,77.6,Sealed,9,55.0
Banana,Fruit,Refrigerator,2.7,80.3,Vacuum Packed,7,60.0
Lettuce,Vegetable,Freezer,-14.2,48.6,Sealed,5,147.0
Banana,Fruit,Refrigerator,3.9,73.5,Open,2,6.0
Pork Chops,Meat,Freezer,-15.3,46.3,Open,6,48.0
Butter,Dairy,Refrigerator,4.5,78.2,Sealed,7,42.0
Bagel,Bakery,Freezer,-15.5,36.9,Open,8,96.0
Apple,Fruit,Freezer,-10.4,47.0,Open,3,82.0
Yogurt,Dairy,Refrigerator,3.3,79.1,Sealed,10,59.0
Lentil Soup,Cooked Food,Refrigerator,2.8,84.6,Vacuum Packed,7,37.0
Rice Pilaf,Cooked Food,Refrigerator,4.3,78.3,Sealed,1,3.0
Milk,Dairy,Refrigerator,1.8,82.5,Open,7,20.0
Tomato,Vegetable,Room Temperature,28.4,58.1,Sealed,8,8.0
Orange,Fruit,Room Temperature,23.9,43.8,Vacuum Packed,10,29.0
Chicken Breast,Meat,Refrigerator,3.5,80.9,Vacuum Packed,7,22.0
Apple,Fruit,Room Temperature,23.5,43.6,Vacuum Packed,9,26.0
Rice Pilaf,Cooked Food,Refrigerator,2.7,80.3,Vacuum Packed,10,53.0
Milk,Dairy,Freezer,-15.7,36.1,Open,3,90.0
Pasta,Cooked Food,Refrigerator,3.5,87.8,Open,9,19.0
Grapes,Fruit,Room Temperature,22.9,44.4,Sealed,4,7.0
Milkshake,Beverage,Freezer,-17.7,30.4,Sealed,1,66.0
Cheese,Dairy,Refrigerator,5.0,87.2,Sealed,3,21.0
Potato,Vegetable,Freezer,-13.7,48.0,Sealed,7,226.0
Pasta,Cooked Food,Refrigerator,4.4,72.8,Vacuum Packed,4,24.0
Cheese,Dairy,Freezer,-11.7,45.8,Sealed,6,237.0
Coconut Water,Beverage,Room Temperature,29.3,43.7,Vacuum Packed,1,3.0
Coconut Water,Beverage,Freezer,-10.4,30.9,Vacuum Packed,9,890.0
Apple,Fruit,Freezer,-10.7,43.3,Open,10,240.0
Lentil Soup,Cooked Food,Refrigerator,1.3,83.7,Sealed,9,31.0
Apple,Fruit,Room Temperature,27.8,50.7,Open,3,2.0
Yogurt,Dairy,Refrigerator,1.3,82.5,Open,9,39.0
Iced Tea,Beverage,Room Temperature,29.2,44.1,Sealed,1,2.0
Croissant,Bakery,Room Temperature,28.2,57.1,Sealed,8,4.0
Milkshake,Beverage,Room Temperature,19.2,40.3,Sealed,2,5.0
Pasta,Cooked Food,Refrigerator,4.2,77.7,Sealed,5,18.0
Muffin,Bakery,Refrigerator,3.8,85.2,Sealed,1,2.0
Grapes,Fruit,Refrigerator,4.4,79.9,Open,2,6.0
Fruit Juice,Beverage,Freezer,-14.5,41.8,Open,6,203.0
Cream,Dairy,Refrigerator,3.2,89.6,Open,10,43.0
Lasagna,Cooked Food,Refrigerator,1.8,83.8,Vacuum Packed,10,57.0
Milk,Dairy,Refrigerator,2.3,75.6,Open,6,24.0
Butter,Dairy,Freezer,-19.2,43.3,Sealed,3,102.0
Fruit Juice,Beverage,Room Temperature,20.5,54.8,Vacuum Packed,10,49.0
Tomato,Vegetable,Refrigerator,1.7,86.4,Vacuum Packed,8,56.0
Lettuce,Vegetable,Refrigerator,1.8,88.9,Sealed,9,37.0
Butter,Dairy,Refrigerator,2.1,84.0,Vacuum Packed,8,91.0
Cream,Dairy,Refrigerator,2.5,86.7,Open,7,25.0
Muffin,Bakery,Freezer,-17.2,37.5,Vacuum Packed,2,56.0
Cake,Bakery,Refrigerator,4.7,82.7,Sealed,3,7.0
Butter,Dairy,Refrigerator,1.4,87.5,Open,2,8.0
Chicken Breast,Meat,Refrigerator,4.8,81.6,Vacuum Packed,5,13.0
Milkshake,Beverage,Freezer,-19.7,44.9,Vacuum Packed,3,297.0
Cake,Bakery,Refrigerator,3.9,87.8,Sealed,8,26.0
Spinach,Vegetable,Freezer,-14.3,43.0,Sealed,1,24.0
Carrot,Vegetable,Freezer,-14.9,40.5,Vacuum Packed,4,193.0
Bagel,Bakery,Refrigerator,2.3,81.9,Open,7,12.0
Beef Steak,Meat,Refrigerator,2.4,71.8,Vacuum Packed,2,5.0
Rice Pilaf,Cooked Food,Room Temperature,18.0,52.8,Open,2,1.0
Cake,Bakery,Freezer,-16.0,48.4,Sealed,10,189.0
Butter,Dairy,Freezer,-17.4,36.7,Sealed,8,359.0
Lentil Soup,Cooked Food,Refrigerator,4.1,86.1,Sealed,8,29.0
Soda,Beverage,Room Temperature,27.4,47.2,Vacuum Packed,7,25.0
Strawberry,Fruit,Refrigerator,4.1,77.8,Vacuum Packed,6,49.0
Bagel,Bakery,Freezer,-15.0,37.7,Sealed,4,68.0
Cream,Dairy,Refrigerator,1.9,84.6,Open,3,11.0
Apple,Fruit,Room Temperature,27.6,54.4,Open,3,2.0
Cheese,Dairy,Refrigerator,3.2,82.4,Open,1,4.0
Orange,Fruit,Refrigerator,3.1,73.8,Sealed,2,11.0
Cheese,Dairy,Freezer,-19.3,41.0,Sealed,7,285.0
Lentil Soup,Cooked Food,Refrigerator,4.4,80.8,Open,3,6.0
Bread,Bakery,Refrigerator,3.3,87.4,Sealed,8,21.0
Tomato,Vegetable,Refrigerator,2.2,84.9,Sealed,7,28.0
Chicken Breast,Meat,Refrigerator,4.1,78.9,Vacuum Packed,3,9.0
Potato,Vegetable,Freezer,-19.9,37.3,Vacuum Packed,1,49.0
Fish Fillet,Meat,Refrigerator,4.7,84.5,Open,10,13.0
Lasagna,Cooked Food,Refrigerator,3.5,80.2,Open,4,9.0
Apple,Fruit,Room Temperature,21.8,53.7,Sealed,9,15.0
Spinach,Vegetable,Room Temperature,26.6,50.8,Vacuum Packed,5,9.0
Lettuce,Vegetable,Room Temperature,21.4,44.9,Open,4,3.0
Iced Tea,Beverage,Freezer,-15.8,31.5,Sealed,8,556.0
Butter,Dairy,Refrigerator,1.6,85.5,Sealed,10,67.0
Spinach,Vegetable,Refrigerator,4.8,83.5,Open,8,24.0
Coconut Water,Beverage,Refrigerator,3.3,77.1,Vacuum Packed,8,130.0
Fruit Juice,Beverage,Refrigerator,3.7,76.8,Sealed,9,82.0
Muffin,Bakery,Room Temperature,25.7,57.8,Vacuum Packed,6,6.0
Cream,Dairy,Refrigerator,4.3,78.5,Open,4,18.0
Strawberry,Fruit,Refrigerator,3.0,76.6,Vacuum Packed,10,99.0
Pasta,Cooked Food,Refrigerator,4.2,81.7,Open,3,6.0
Fish Fillet,Meat,Refrigerator,4.0,74.2,Vacuum Packed,1,3.0
Fruit Juice,Beverage,Freezer,-15.8,37.7,Open,7,280.0
Strawberry,Fruit,Freezer,-18.6,36.7,Sealed,9,376.0
Fish Fillet,Meat,Freezer,-12.3,35.4,Sealed,4,49.0
Lettuce,Vegetable,Room Temperature,27.3,51.2,Open,7,4.0
Tomato,Vegetable,Freezer,-11.3,44.2,Sealed,8,263.0
Milk,Dairy,Refrigerator,3.2,86.8,Vacuum Packed,10,129.0
Spinach,Vegetable,Room Temperature,22.9,40.8,Sealed,1,1.0
Carrot,Vegetable,Refrigerator,2.9,84.0,Open,1,2.0
Croissant,Bakery,Freezer,-13.5,49.4,Sealed,2,38.0
Minced Meat,Meat,Refrigerator,3.4,79.6,Vacuum Packed,3,10.0
Soda,Beverage,Freezer,-15.8,44.3,Open,10,359.0
Lettuce,Vegetable,Room Temperature,19.6,47.4,Open,7,7.0
Soda,Beverage,Room Temperature,29.6,52.2,Vacuum Packed,10,30.0
Bread,Bakery,Room Temperature,28.3,53.7,Vacuum Packed,8,9.0
Lettuce,Vegetable,Refrigerator,4.2,80.2,Sealed,2,9.0
Strawberry,Fruit,Freezer,-15.3,49.2,Vacuum Packed,5,256.0
Potato,Vegetable,Freezer,-19.2,37.2,Open,2,38.0
Fish Fillet,Meat,Refrigerator,4.7,87.4,Vacuum Packed,7,20.0
Orange,Fruit,Refrigerator,4.9,81.2,Open,7,22.0
Strawberry,Fruit,Freezer,-16.7,40.4,Open,4,103.0
Cheese,Dairy,Refrigerator,2.1,81.1,Sealed,4,22.0
Coconut Water,Beverage,Refrigerator,3.8,81.2,Open,7,39.0
Tomato,Vegetable,Freezer,-14.5,39.0,Open,5,98.0
Milk,Dairy,Refrigerator,4.7,87.5,Sealed,2,11.0
Beef Steak,Meat,Refrigerator,1.2,73.8,Vacuum Packed,9,22.0
Iced Tea,Beverage,Freezer,-15.2,37.8,Vacuum Packed,1,95.0
Potato,Vegetable,Room Temperature,29.3,44.2,Open,9,5.0
Cake,Bakery,Freezer,-18.0,31.7,Open,5,58.0
Beef Steak,Meat,Refrigerator,3.9,74.0,Open,10,11.0
Fish Fillet,Meat,Refrigerator,4.1,85.3,Sealed,4,6.0
Strawberry,Fruit,Refrigerator,3.8,81.1,Vacuum Packed,7,56.0
Potato,Vegetable,Refrigerator,4.8,71.4,Open,7,20.0
Pasta,Cooked Food,Refrigerator,3.7,74.5,Vacuum Packed,6,34.0
Coconut Water,Beverage,Refrigerator,1.8,87.8,Sealed,7,66.0
Soda,Beverage,Refrigerator,2.3,73.6,Sealed,10,93.0
Carrot,Vegetable,Refrigerator,2.6,85.9,Open,8,28.0
Cake,Bakery,Refrigerator,2.6,85.9,Sealed,1,2.0
Butter,Dairy,Refrigerator,4.4,82.7,Sealed,10,65.0
Apple,Fruit,Room Temperature,27.0,40.4,Open,5,3.0
Strawberry,Fruit,Room Temperature,24.5,41.5,Vacuum Packed,10,32.0
Minced Meat,Meat,Refrigerator,4.2,81.2,Sealed,3,6.0
Banana,Fruit,Room Temperature,24.9,54.9,Vacuum Packed,9,22.0
Chicken Breast,Meat,Freezer,-12.0,35.3,Vacuum Packed,4,74.0
Spinach,Vegetable,Refrigerator,1.9,72.6,Vacuum Packed,9,59.0
Pork Chops,Meat,Freezer,-17.6,39.4,Open,3,28.0
Grapes,Fruit,Room Temperature,29.5,56.1,Sealed,9,9.0
Strawberry,Fruit,Room Temperature,24.8,58.9,Sealed,8,14.0
Potato,Vegetable,Refrigerator,5.0,83.6,Vacuum Packed,3,20.0
Potato,Vegetable,Room Temperature,19.4,50.4,Vacuum Packed,7,16.0
Apple,Fruit,Room Temperature,21.4,43.2,Sealed,5,8.0
Soda,Beverage,Room Temperature,24.5,51.2,Open,8,14.0
Cake,Bakery,Refrigerator,1.2,82.1,Vacuum Packed,8,34.0
Chicken Breast,Meat,Refrigerator,2.3,81.8,Vacuum Packed,2,6.0
Milkshake,Beverage,Room Temperature,22.8,55.6,Sealed,1,2.0
Grapes,Fruit,Refrigerator,2.2,78.0,Open,5,14.0
Coconut Water,Beverage,Freezer,-18.5,32.0,Sealed,10,583.0
Cream,Dairy,Refrigerator,4.2,84.8,Sealed,8,44.0
Pasta,Cooked Food,Refrigerator,4.2,80.2,Open,4,8.0
Croissant,Bakery,Room Temperature,25.2,56.2,Sealed,2,1.0
Banana,Fruit,Room Temperature,22.9,58.6,Open,5,5.0
Croissant,Bakery,Refrigerator,2.5,77.8,Sealed,5,14.0
Apple,Fruit,Refrigerator,1.5,71.7,Open,3,9.0
Soda,Beverage,Freezer,-15.5,42.0,Sealed,4,242.0
Potato,Vegetable,Freezer,-12.6,49.8,Vacuum Packed,7,355.0
Apple,Fruit,Freezer,-11.9,34.7,Vacuum Packed,9,556.0
Bagel,Bakery,Freezer,-15.7,44.7,Sealed,2,31.0
